{
  "metrics": {
    "initialEquity": 100000,
    "endingEquity": 107363.29056858952,
    "totalReturn": 0.07363290568589524,
    "cagr": 0.04520015386563969,
    "sharpeRatio": 3.6406745539378575,
    "maxDrawdown": 0.0005500119824280765,
    "tradeCount": 4,
    "winRate": 1,
    "avgRPerTrade": null,
    "expectancy": 1840.8226421473855,
    "averageWin": 1840.8226421473855,
    "averageLoss": null
  },
  "breakdowns": {
    "byStrategy": [
      {
        "key": "trend_continuation",
        "trades": 4,
        "winRate": 1,
        "avgR": null,
        "totalPnl": 7363.290568589542
      }
    ],
    "byTrend": [
      {
        "key": 2,
        "trades": 2,
        "winRate": 1,
        "avgR": null,
        "totalPnl": 3879.8716495850817
      },
      {
        "key": 3,
        "trades": 2,
        "winRate": 1,
        "avgR": null,
        "totalPnl": 3483.418919004461
      }
    ],
    "bySector": [
      {
        "key": "Technology",
        "trades": 4,
        "winRate": 1,
        "avgR": null,
        "totalPnl": 7363.290568589542
      }
    ]
  }
}
