{
  "metrics": {
    "initialEquity": 100000,
    "endingEquity": 107542.55605335001,
    "totalReturn": 0.07542556053350011,
    "cagr": 0.046285718207490945,
    "sharpeRatio": 3.3249137717432276,
    "maxDrawdown": 0.0009029886478943189,
    "tradeCount": 4,
    "winRate": 1,
    "avgRPerTrade": 1.838184213182132,
    "expectancy": 1885.6390133374998,
    "averageWin": 1885.6390133374998,
    "averageLoss": null
  },
  "breakdowns": {
    "byStrategy": [
      {
        "key": "trend_continuation",
        "trades": 4,
        "winRate": 1,
        "avgR": 1.838184213182132,
        "totalPnl": 7542.556053349999
      }
    ],
    "byTrend": [
      {
        "key": 2,
        "trades": 2,
        "winRate": 1,
        "avgR": 1.9785406340148597,
        "totalPnl": 4018.6741132000016
      },
      {
        "key": 3,
        "trades": 2,
        "winRate": 1,
        "avgR": 1.697827792349404,
        "totalPnl": 3523.881940149998
      }
    ],
    "bySector": [
      {
        "key": "Technology",
        "trades": 4,
        "winRate": 1,
        "avgR": 1.838184213182132,
        "totalPnl": 7542.556053349999
      }
    ]
  }
}
